{
  "train_loss": [
    2.598245179842389,
    2.431097007933117,
    2.3326202990516784,
    2.2031849433505344,
    2.075070732169681,
    1.9622360023241194,
    1.846618564355941,
    1.7696421505912903,
    1.6736406646077595,
    1.5667488773663838,
    1.4891453319125705,
    1.4064094443169852,
    1.3999044020024558,
    1.323198116487927,
    1.260230846348263,
    1.2065847109234522,
    1.162506923316017,
    1.1616196580349454,
    1.1310905837823475,
    1.104117139464333,
    1.0462156250363304,
    1.0237980972206782,
    1.0116101981155456,
    0.9794881741205851,
    0.9635320102411603,
    0.9746656195511894,
    0.9527756051411704,
    0.9556641332686894,
    0.9169648081537277,
    0.9188582523474618,
    0.9176048423562732,
    0.9018678471209511,
    0.8769149808656602,
    0.8581603420159173,
    0.871672830411366,
    0.8547597957981957
  ],
  "train_acc": [
    0.12648809523809523,
    0.17212301587301587,
    0.21552579365079366,
    0.26413690476190477,
    0.30964781746031744,
    0.3585069444444444,
    0.40637400793650796,
    0.4259672619047619,
    0.45870535714285715,
    0.49094742063492064,
    0.5096726190476191,
    0.5421626984126984,
    0.5290178571428571,
    0.5622519841269841,
    0.5830853174603174,
    0.5930059523809523,
    0.6178075396825397,
    0.6150793650793651,
    0.6199156746031746,
    0.6320684523809523,
    0.6417410714285714,
    0.6622023809523809,
    0.6514136904761905,
    0.6743551587301587,
    0.675719246031746,
    0.6691468253968254,
    0.6786954365079365,
    0.6780753968253969,
    0.6888640873015873,
    0.6856398809523809,
    0.6877480158730159,
    0.6923363095238095,
    0.6932043650793651,
    0.7090773809523809,
    0.7064732142857143,
    0.705109126984127
  ],
  "val_loss": [
    2.5295234844088554,
    2.581270508468151,
    2.492677353322506,
    2.5042832866311073,
    2.4947661980986595,
    2.4856809452176094,
    2.4907090961933136,
    2.400424636900425,
    2.5195156633853912,
    2.4326759800314903,
    2.3791538923978806,
    2.348001077771187,
    2.396923750638962,
    2.362248308956623,
    2.433195687830448,
    2.329580571502447,
    2.3284693583846092,
    2.3935700729489326,
    2.3893380761146545,
    2.361603654921055,
    2.243925992399454,
    2.3286856412887573,
    2.346570409834385,
    2.3466079011559486,
    2.306630652397871,
    2.2558463849127293,
    2.309524327516556,
    2.3570997156202793,
    2.290152683854103,
    2.264626432210207,
    2.318592607975006,
    2.324346709996462,
    2.3325222618877888,
    2.353410255163908,
    2.322886358946562,
    2.3187138214707375
  ],
  "val_acc": [
    0.11022418504580855,
    0.03524116845801473,
    0.03914741845801473,
    0.04959239135496318,
    0.05184273095801473,
    0.06521739135496318,
    0.10232676635496318,
    0.11610478942748159,
    0.09421705175191164,
    0.11209239135496318,
    0.12937330175191164,
    0.15926460595801473,
    0.13591202441602945,
    0.15554942260496318,
    0.14119819970801473,
    0.19987686816602945,
    0.19684103270992637,
    0.16824473510496318,
    0.15143087645992637,
    0.18845533300191164,
    0.22896144725382328,
    0.19361413037404418,
    0.21569293504580855,
    0.21686056395992637,
    0.22662618895992637,
    0.2298318613320589,
    0.23677394725382328,
    0.20231827441602945,
    0.22993800975382328,
    0.2516134511679411,
    0.23968240525573492,
    0.23433254100382328,
    0.2516134511679411,
    0.2330587636679411,
    0.2478982675820589,
    0.2662618886679411
  ]
}